{"robotPoses":[[{"x":0.27098744727228286,"y":0.08604428409986808,"theta":0},{"x":0.27098744727228286,"y":0.08604428409986808,"theta":0}]],"obstacles":[],"colorAreas":[],"marker":[]}