{"robotPoses":[[{"x":0.2681304194828335,"y":0.28504671019317446,"theta":1.2429779629420539},{"x":0.20833333333333337,"y":0.28846153846153844,"theta":0}]],"obstacles":[],"colorAreas":[],"marker":[]}